Datetime,Water Level (m)
2025-02-22 12:00:00,0.37828398
2025-02-22 13:00:00,0.45153928
2025-02-22 14:00:00,0.3725042
2025-02-22 15:00:00,0.20801939
2025-02-22 16:00:00,-0.05774993
2025-02-22 17:00:00,-0.3857233
2025-02-22 18:00:00,-0.71992004
2025-02-22 19:00:00,-0.978609
2025-02-22 20:00:00,-1.0817788
2025-02-22 21:00:00,-1.044349
2025-02-22 22:00:00,-0.8962091
2025-02-22 23:00:00,-0.6448048
2025-02-23 00:00:00,-0.37000507
2025-02-23 01:00:00,-0.17394006
2025-02-23 02:00:00,-0.09262861
2025-02-23 03:00:00,-0.13144438
2025-02-23 04:00:00,-0.25216547
2025-02-23 05:00:00,-0.4578404
2025-02-23 06:00:00,-0.75644
2025-02-23 07:00:00,-1.0381082
2025-02-23 08:00:00,-1.1781101
2025-02-23 09:00:00,-1.1013141
2025-02-23 10:00:00,-0.85309
2025-02-23 11:00:00,-0.48538578
2025-02-23 12:00:00,-0.03694257
2025-02-23 13:00:00,0.3669257
2025-02-23 14:00:00,0.6187297
2025-02-23 15:00:00,0.62160736
2025-02-23 16:00:00,0.46351543
2025-02-23 17:00:00,0.1802241
2025-02-23 18:00:00,-0.24552688
2025-02-23 19:00:00,-0.73071206
2025-02-23 20:00:00,-1.1825821
2025-02-23 21:00:00,-1.459811
2025-02-23 22:00:00,-1.4790703
2025-02-23 23:00:00,-1.2365577
2025-02-24 00:00:00,-0.83285195
2025-02-24 01:00:00,-0.38467214
2025-02-24 02:00:00,-0.037979767
2025-02-24 03:00:00,0.16418593
2025-02-24 04:00:00,0.1533458
2025-02-24 05:00:00,-0.058163654
2025-02-24 06:00:00,-0.37437546
2025-02-24 07:00:00,-0.79525274
2025-02-24 08:00:00,-1.1989204
2025-02-24 09:00:00,-1.4577471
2025-02-24 10:00:00,-1.4127214
2025-02-24 11:00:00,-1.0489131
2025-02-24 12:00:00,-0.5238079
2025-02-24 13:00:00,0.10513868
2025-02-24 14:00:00,0.6162454
2025-02-24 15:00:00,0.9212996
2025-02-24 16:00:00,0.91678715
2025-02-24 17:00:00,0.6561709
2025-02-24 18:00:00,0.25222924
2025-02-24 19:00:00,-0.33597413
2025-02-24 20:00:00,-0.9576376
2025-02-24 21:00:00,-1.5092472
2025-02-24 22:00:00,-1.8102211
2025-02-24 23:00:00,-1.7388612
2025-02-25 00:00:00,-1.2964003
2025-02-25 01:00:00,-0.6709162
2025-02-25 02:00:00,-0.060476277
2025-02-25 03:00:00,0.3712661
2025-02-25 04:00:00,0.594407
2025-02-25 05:00:00,0.44461483
2025-02-25 06:00:00,0.076692805
2025-02-25 07:00:00,-0.4148529
2025-02-25 08:00:00,-0.98366433
2025-02-25 09:00:00,-1.5091287
2025-02-25 10:00:00,-1.8017154
2025-02-25 11:00:00,-1.6237115
2025-02-25 12:00:00,-1.0495303
2025-02-25 13:00:00,-0.30914232
2025-02-25 14:00:00,0.43919712
2025-02-25 15:00:00,1.024326
2025-02-25 16:00:00,1.300213
2025-02-25 17:00:00,1.1548015
2025-02-25 18:00:00,0.7462083
2025-02-25 19:00:00,0.14262335
2025-02-25 20:00:00,-0.6002262
2025-02-25 21:00:00,-1.3496828
2025-02-25 22:00:00,-1.9319783
2025-02-25 23:00:00,-2.1497722
2025-02-26 00:00:00,-1.7725692
2025-02-26 01:00:00,-1.0433977
2025-02-26 02:00:00,-0.228693
2025-02-26 03:00:00,0.4324137
2025-02-26 04:00:00,0.88414705
2025-02-26 05:00:00,0.96532464
2025-02-26 06:00:00,0.6158944
2025-02-26 07:00:00,0.108018406
2025-02-26 08:00:00,-0.55919814
2025-02-26 09:00:00,-1.2528976
2025-02-26 10:00:00,-1.8536196
2025-02-26 11:00:00,-2.1070435
2025-02-26 12:00:00,-1.678341
2025-02-26 13:00:00,-0.86125135
2025-02-26 14:00:00,0.06650049
2025-02-26 15:00:00,0.86886674
2025-02-26 16:00:00,1.4466144
2025-02-26 17:00:00,1.5794542
2025-02-26 18:00:00,1.2402035
2025-02-26 19:00:00,0.67324793
2025-02-26 20:00:00,-0.11543603
2025-02-26 21:00:00,-0.9628737
2025-02-26 22:00:00,-1.771132
2025-02-26 23:00:00,-2.3247209
2025-02-27 00:00:00,-2.3676856
2025-02-27 01:00:00,-1.5823866
2025-02-27 02:00:00,-0.60839045
2025-02-27 03:00:00,0.28554067
2025-02-27 04:00:00,0.92808944
2025-02-27 05:00:00,1.3186096
2025-02-27 06:00:00,1.1482463
2025-02-27 07:00:00,0.64150786
2025-02-27 08:00:00,-0.048450865
2025-02-27 09:00:00,-0.84118646
2025-02-27 10:00:00,-1.6142898
2025-02-27 11:00:00,-2.2232969
2025-02-27 12:00:00,-2.3156514
2025-02-27 13:00:00,-1.5457911
2025-02-27 14:00:00,-0.48567396
2025-02-27 15:00:00,0.5261039
2025-02-27 16:00:00,1.3047822
2025-02-27 17:00:00,1.7892774
2025-02-27 18:00:00,1.6894157
2025-02-27 19:00:00,1.1790868
2025-02-27 20:00:00,0.42908037
2025-02-27 21:00:00,-0.47617358
2025-02-27 22:00:00,-1.3898895
2025-02-27 23:00:00,-2.165762
2025-02-28 00:00:00,-2.6073718
2025-02-28 01:00:00,-2.2224205
2025-02-28 02:00:00,-1.1452231
2025-02-28 03:00:00,-0.05794515
2025-02-28 04:00:00,0.7740425
2025-02-28 05:00:00,1.4182032
2025-02-28 06:00:00,1.5955107
2025-02-28 07:00:00,1.1653316
2025-02-28 08:00:00,0.5390008
2025-02-28 09:00:00,-0.31227252
2025-02-28 10:00:00,-1.1619214
2025-02-28 11:00:00,-1.9475073
2025-02-28 12:00:00,-2.462878
